{
	"class_name" : "PinholeCameraParameters",
	"extrinsic" : 
	[
		0.01002244015989265,
		-0.020282629772698076,
		0.99974405005618572,
		0.0,
		-0.9999338330092381,
		-0.0058486742859813114,
		0.0099056858697253187,
		0.0,
		0.0056462639589861408,
		-0.9997771791447333,
		-0.02033990572016723,
		0.0,
		3.828819108665147e-05,
		-0.0001867585336602857,
		0.0062676576075207224,
		1.0
	],
	"intrinsic" : 
	{
		"height" : 1080,
		"intrinsic_matrix" : 
		[
			771.19992364074187,
			0.0,
			0.0,
			0.0,
			771.19992364074187,
			0.0,
			959.5,
			539.5,
			1.0
		],
		"width" : 1920
	},
	"version_major" : 1,
	"version_minor" : 0
}